{"cee0fd13-d98d-41a1-837d-2e081b756e06":{"entityId":"cee0fd13-d98d-41a1-837d-2e081b756e06","playerId":"769b3dcb-e0b8-3def-a3e7-2a738d42273e","currentMessage":"I think a Creeper blew up my script. Instructions? http://discord.creaturechat.com","currentLineNumber":0,"status":"DISPLAY","previousMessages":[],"characterSheet":"","sender":"ASSISTANT","friendship":0,"auto_generated":0},"379e927f-ca12-46fc-9974-f743443266f1":{"entityId":"379e927f-ca12-46fc-9974-f743443266f1","playerId":"","currentMessage":"","currentLineNumber":0,"status":"NONE","previousMessages":[],"characterSheet":"","sender":"USER","friendship":0,"auto_generated":0},"8e4908a9-1911-48c6-bcee-8eb3b30fd7f3":{"entityId":"8e4908a9-1911-48c6-bcee-8eb3b30fd7f3","playerId":"769b3dcb-e0b8-3def-a3e7-2a738d42273e","currentMessage":"I must\u0027ve left my responses in my other pants. See http://discord.creaturechat.com","currentLineNumber":0,"status":"DISPLAY","previousMessages":[],"characterSheet":"","sender":"ASSISTANT","friendship":0,"auto_generated":0},"104a405d-3aea-458f-8fa5-87495522d89e":{"entityId":"104a405d-3aea-458f-8fa5-87495522d89e","playerId":"769b3dcb-e0b8-3def-a3e7-2a738d42273e","currentMessage":"BRB, asking a villager for directions to http://discord.creaturechat.com","currentLineNumber":0,"status":"DISPLAY","previousMessages":[],"characterSheet":"","sender":"ASSISTANT","friendship":0,"auto_generated":0}}