{"stats":{"minecraft:mined":{"minecraft:grass":6,"minecraft:dirt":13,"byg:peat":5,"minecraft:birch_log":35,"minecraft:stone":24,"crumbs:birch_crafting_table":1},"minecraft:used":{"minecraft:wooden_axe":4,"minecraft:dirt":2,"decorative_blocks:birch_support":3,"minecraft:stone_shovel":11,"minecraft:stone_pickaxe":19,"minecraft:birch_log":27,"alexsmobs:animal_dictionary":1,"minecraft:wooden_pickaxe":5,"crumbs:birch_crafting_table":1,"byg:peat":1,"minecraft:stone_axe":1},"minecraft:custom":{"minecraft:time_since_rest":7671,"minecraft:play_one_minute":7671,"minecraft:crouch_one_cm":2959,"minecraft:sprint_one_cm":3106,"minecraft:damage_taken":15,"minecraft:walk_one_cm":6656,"minecraft:sneak_time":1308,"minecraft:jump":23,"minecraft:damage_dealt":10,"minecraft:time_since_death":7671,"minecraft:interact_with_crafting_table":8,"minecraft:fly_one_cm":422},"minecraft:crafted":{"minecraft:stone_sword":1,"decorative_blocks:birch_support":3,"crumbs:birch_crafting_table":1,"minecraft:stone_shovel":1,"minecraft:birch_planks":24,"minecraft:stone_axe":1,"minecraft:stick":12,"minecraft:wooden_pickaxe":1,"minecraft:stone_pickaxe":1,"minecraft:wooden_axe":1},"minecraft:picked_up":{"minecraft:birch_log":29,"byg:yellow_birch_sapling":1,"crumbs:birch_crafting_table":1,"byg:peat":5,"minecraft:dirt":13,"minecraft:cobblestone":21}},"DataVersion":2586}