{"stat.walkOneCm":55879,"stat.pickup.minecraft.bone":2,"stat.drop.minecraft.wooden_pickaxe":1,"stat.leaveGame":1,"stat.pickup.minecraft.crafting_table":3,"stat.mineBlock.minecraft.cobblestone":3,"stat.pickup.minecraft.stonebrick":4,"stat.craftItem.minecraft.crafting_table":1,"stat.pickup.minecraft.log":5,"stat.pickup.minecraft.string":3,"stat.useItem.minecraft.rotten_flesh":2,"stat.mineBlock.minecraft.stained_glass":8,"stat.drop.minecraft.sandstone":3,"stat.jump":169,"stat.swimOneCm":237,"stat.pickup.minecraft.coal":1,"stat.fallOneCm":3769,"stat.climbOneCm":622,"stat.useItem.minecraft.stone_axe":32,"stat.pickup.minecraft.porkchop":2,"stat.crouchOneCm":7264,"stat.pickup.minecraft.spider_eye":2,"stat.useItem.minecraft.stained_hardened_clay":30,"stat.pickup.minecraft.sapling":2,"stat.pickup.minecraft.dirt":8,"stat.mineBlock.minecraft.stained_hardened_clay":79,"stat.useItem.minecraft.dirt":7,"stat.sprintOneCm":37618,"stat.useItem.minecraft.stone_slab2":4,"stat.mineBlock.minecraft.stone_slab":7,"stat.craftItem.minecraft.stick":8,"stat.craftItem.minecraft.wooden_axe":1,"stat.craftingTableInteraction":3,"stat.pickup.minecraft.rotten_flesh":3,"stat.pickup.minecraft.sand":16,"stat.killEntity.Skeleton":1,"stat.entityKilledBy.Spider":1,"stat.craftItem.minecraft.planks":16,"stat.pickup.futuremc.lily_of_the_valley":1,"stat.craftItem.minecraft.stone_axe":1,"stat.damageTaken":310,"stat.mineBlock.minecraft.crafting_table":3,"stat.killEntity.Spider":3,"stat.pickup.minecraft.cobblestone_wall":5,"stat.killEntity.WitherSkeleton":2,"stat.useItem.minecraft.diamond_pickaxe":91,"stat.useItem.minecraft.wooden_pickaxe":8,"stat.mobKills":12,"stat.pickup.minecraft.cobblestone":3,"stat.mineBlock.minecraft.log":4,"stat.pickup.minecraft.planks":12,"stat.flyOneCm":39485,"stat.pickup.minecraft.sandstone":3,"stat.mineBlock.minecraft.planks":12,"stat.deaths":1,"stat.drop":4,"stat.mineBlock.minecraft.leaves":5,"stat.drop.futuremc.lily_of_the_valley":1,"stat.playOneMinute":11762,"stat.drop.minecraft.sand":16,"stat.sneakTime":1663,"stat.damageDealt":1997,"stat.craftItem.minecraft.diamond_pickaxe":1,"stat.killEntity.Zombie":4,"stat.timeSinceDeath":1308,"stat.pickup.minecraft.stone_slab":16,"stat.useItem.minecraft.wooden_axe":18,"stat.pickup.minecraft.stained_hardened_clay":79,"stat.craftItem.minecraft.wooden_pickaxe":1,"stat.killEntity.Pig":2}