{"stat.pickup.iceandfire.fire_dragon_flesh":4,"stat.leaveGame":3,"stat.craftItem.minecraft.iron_axe":1,"stat.pickup.tombstone.familiar_stone":4,"stat.mineBlock.minecraft.sandstone":2,"stat.killEntity.PigZombie":1,"stat.useItem.minecraft.planks":107,"stat.useItem.tombstone.familiar_stone":1,"stat.mineBlock.minecraft.web":4,"stat.pickup.minecraft.golden_boots":1,"stat.pickup.minecraft.glowstone_dust":6,"kobold.learn":1,"stat.drop.minecraft.iron_sword":2,"stat.useItem.minecraft.water_bucket":25,"stat.pickup.minecraft.rotten_flesh":79,"stat.mineBlock.minecraft.nether_brick_fence":1,"stat.pickup.minecraft.sand":2,"stat.drop.minecraft.golden_leggings":1,"stat.pickup.notreepunching.rock/sandstone":6,"stat.entityKilledBy.Spider":7,"stat.craftItem.minecraft.stone_axe":2,"stat.pickup.minecraft.cobblestone_wall":2,"stat.craftItem.minecraft.stone_sword":4,"stat.drop.notreepunching.grass_fiber":1,"stat.entityKilledBy.firedragon":4,"stat.mineBlock.minecraft.sand":1,"stat.useItem.notreepunching.pickaxe/flint":44,"stat.useItem.minecraft.iron_pickaxe":129,"stat.pickup.minecraft.firework_charge":1,"stat.trappedChestTriggered":15,"stat.useItem.notreepunching.knife/flint":41,"stat.mineBlock.minecraft.vine":13,"stat.furnaceInteraction":5,"stat.pickup.iceandfire.dragon_skull":2,"stat.pickup.minecraft.nether_brick":4,"stat.entityKilledBy.WitherSkeleton":2,"stat.drop.minecraft.red_flower":1,"stat.pickup.minecraft.beef":13,"joust.learn":1,"aegis.kill":7,"stat.drop.lycanitesmobs.vapulacrystal":1,"stat.pickup.minecraft.iron_chestplate":2,"stat.useItem.minecraft.stone_stairs":2,"stat.pickup.tombstone.magic_scroll":1,"stat.pickup.minecraft.stone_stairs":5,"stat.pickup.bountifulbaubles.flare_red":26,"afrit.kill":1,"stat.mineBlock.minecraft.fence":1,"stat.useItem.minecraft.wheat_seeds":50,"aegis.learn":2,"stat.pickup.minecraft.pumpkin_seeds":3,"stat.pickup.minecraft.emerald":1,"stat.pickup.dynamictrees.oakseed":5,"stat.deaths":63,"stat.pickup.lycanitesmobs.geistliver":3,"stat.pickup.minecraft.egg":1,"stat.playOneMinute":195621,"stat.pickup.minecraft.blaze_rod":4,"geist.learn":1,"stat.craftItem.minecraft.iron_pickaxe":1,"stat.pickup.minecraft.iron_bars":14,"stat.drop.minecraft.glass_bottle":3,"stat.pickup.lycanitesmobs.joustmeatraw":3,"stat.mineBlock.minecraft.tallgrass":44,"stat.pickup.minecraft.netherrack":2,"stat.pickup.bountifulbaubles.potionwormhole":4,"stat.chestOpened":128,"stat.mineBlock.minecraft.netherrack":2,"stat.pickup.minecraft.arrow":41,"stat.pickup.minecraft.iron_sword":9,"stat.pickup.minecraft.wooden_pressure_plate":1,"maka.kill":9,"stat.craftItem.rpginventory.diamond_glove":1,"afrit.learn":1,"stat.pickup.minecraft.gold_nugget":1,"stat.craftItem.minecraft.coal":15,"geist.kill":1,"stat.fallOneCm":62473,"stat.drop.minecraft.stone":9,"stat.pickup.minecraft.carrot":1,"stat.pickup.minecraft.melon_seeds":1,"stat.crouchOneCm":34767,"stat.craftItem.rpginventory.diamond_necklace":1,"ent.learn":1,"stat.craftItem.minecraft.chest":4,"stat.pickup.minecraft.golden_leggings":1,"stat.craftingTableInteraction":31,"stat.pickup.lycanitesmobs.makameatraw":15,"stat.pickup.minecraft.nether_brick_fence":4,"stat.drop.minecraft.iron_leggings":1,"stat.pickup.minecraft.record_cat":2,"stat.pickup.bountifulbaubles.flaregun":1,"stat.pickup.minecraft.dye":11,"stat.pickup.minecraft.planks":82,"chupacabra.kill":1,"stat.pickup.minecraft.iron_leggings":7,"stat.pickup.minecraft.wheat_seeds":68,"stat.mineBlock.minecraft.gravel":83,"stat.drop.iceandfire.fire_dragon_heart":1,"stat.useItem.minecraft.stone_pickaxe":288,"stat.craftItem.notreepunching.pickaxe/flint":1,"maka.learn":1,"stat.useItem.minecraft.stone_sword":200,"reaper.learn":1,"stat.craftItem.rpginventory.emerald_glove":1,"stat.mineBlock.minecraft.dirt":14,"arisaur.kill":3,"stat.useItem.minecraft.iron_bars":3,"stat.mineBlock.minecraft.monster_egg":3,"stat.useItem.minecraft.torch":121,"stat.drop.tombstone.crafting_ingredient":4,"feradon.learn":2,"feradon.kill":1,"stat.drop.minecraft.rotten_flesh":21,"stat.useItem.minecraft.log":27,"stat.pickup.minecraft.crafting_table":2,"stat.useItem.minecraft.cobblestone":54,"stat.craftItem.minecraft.crafting_table":7,"stat.pickup.lycanitesmobs.embercharge":3,"stat.useItem.minecraft.gravel":61,"stat.pickup.minecraft.iron_hoe":1,"stat.pickup.minecraft.log":42,"stat.useItem.minecraft.cooked_fish":1,"salamander.learn":1,"spriggan.learn":1,"stat.drop.minecraft.stonebrick":3,"stat.pickup.minecraft.iron_pickaxe":4,"stat.craftItem.usefulbackpacks.backpack":1,"stat.drop.minecraft.planks":2,"stat.pickup.minecraft.tipped_arrow":12,"stat.pickup.minecraft.sapling":1,"stat.pickup.iceandfire.dragonscales_gray":6,"stat.drop.minecraft.melon_seeds":1,"stat.pickup.notreepunching.flint_shard":14,"stat.pickup.minecraft.coal_block":2,"stat.mineBlock.minecraft.tripwire_hook":1,"stat.drop.dynamictrees.oakseed":1,"joustalpha.learn":1,"stat.craftItem.minecraft.bucket":2,"stat.useItem.minecraft.iron_sword":584,"stat.killEntity.WitherSkeleton":3,"stat.pickup.minecraft.stone_sword":1,"stat.drop.notreepunching.rock/stone":9,"stat.useItem.minecraft.stonebrick":35,"stat.mineBlock.minecraft.log":34,"stat.pickup.iceandfire.dragonbone":28,"stat.pickup.bountifulbaubles.trinketbezoar":1,"stat.craftItem.notreepunching.axe/flint":2,"stat.pickup.minecraft.red_flower":1,"stat.sneakTime":18087,"stat.mineBlock.minecraft.cobblestone_wall":2,"stat.craftItem.notreepunching.knife/flint":1,"stat.craftItem.minecraft.cobblestone":115,"stat.drop.minecraft.wooden_axe":1,"stat.drop.scalinghealth.heartcontainer":1,"stat.drop.minecraft.stone_pickaxe":1,"stat.pickup.minecraft.tripwire_hook":1,"stat.craftItem.rpginventory.emerald_ring":1,"stat.pickup.minecraft.bone":50,"stat.mineBlock.minecraft.cobblestone":11,"stat.pickup.minecraft.flint":11,"stat.pickup.minecraft.leather_chestplate":1,"nymph.learn":1,"stat.craftItem.minecraft.wool":7,"stat.craftItem.notreepunching.grass_string":9,"tremor.learn":1,"stat.swimOneCm":29179,"stat.climbOneCm":9741,"stat.pickup.minecraft.enchanted_book":1,"stat.drop.minecraft.cobblestone":1,"stat.useItem.minecraft.obsidian":1,"stat.useItem.minecraft.dirt":20,"stat.drop.minecraft.quartz":1,"stat.useItem.minecraft.stone_slab2":60,"stat.pickup.minecraft.bow":6,"stat.pickup.minecraft.iron_boots":3,"vapula.kill":2,"stat.useItem.minecraft.egg":1,"stat.craftItem.minecraft.stone_pickaxe":3,"stat.pickup.minecraft.cobblestone":15,"stat.flyOneCm":462477,"stat.pickup.minecraft.clay":8,"stat.pickup.minecraft.glass_bottle":1,"stat.pickup.minecraft.soul_sand":2,"stat.drop.minecraft.wheat_seeds":13,"stat.useItem.minecraft.cooked_beef":3,"stat.pickup.minecraft.redstone":22,"stat.mineBlock.minecraft.iron_ore":27,"stat.timeSinceDeath":4866,"stat.drop.minecraft.spider_eye":2,"stat.pickup.minecraft.mutton":4,"stat.pickup.minecraft.mossy_cobblestone":2,"stat.drop.minecraft.coal":1,"stat.pickup.minecraft.wooden_axe":1,"stat.pickup.minecraft.chainmail_helmet":2,"stat.pickup.rpginventory.lapis_necklace":1,"stat.pickup.minecraft.stonebrick":21,"stat.drop.minecraft.dirt":20,"stat.pickup.minecraft.iron_shovel":4,"cinder.learn":2,"stat.mineBlock.minecraft.coal_ore":47,"stat.mineBlock.minecraft.nether_brick":5,"stat.pickup.minecraft.shield":2,"stat.killEntity.Creeper":1,"stat.talkedToVillager":3,"stat.pickup.minecraft.string":57,"stat.pickup.tombstone.crafting_ingredient":13,"stat.entityKilledBy.Skeleton":29,"stat.craftItem.minecraft.stone_slab2":0,"vapula.learn":2,"stat.sprintOneCm":371838,"stat.pickup.minecraft.paper":1,"stat.useItem.tombstone.magic_scroll":1,"stat.mineBlock.minecraft.crafting_table":2,"arisaur.learn":1,"stat.waystones:waystonesActivated":2,"stat.pickup.minecraft.diamond_chestplate":2,"stat.mineBlock.minecraft.planks":8,"stat.drop":60,"ghoul.learn":1,"stat.drop.bountifulbaubles.flaregun":1,"stat.killEntity.Zombie":40,"stat.drop.minecraft.bread":2,"stat.diveOneCm":18877,"stat.pickup.minecraft.wheat":26,"stat.mineBlock.minecraft.mossy_cobblestone":2,"gorgomite.kill":8,"stat.pickup.minecraft.gravel":70,"stat.pickup.minecraft.obsidian":2,"stat.drop.minecraft.chainmail_helmet":1,"stat.useItem.minecraft.potion":2,"stat.useItem.notreepunching.rock/stone":2,"stat.pickup.minecraft.diamond_sword":1,"stat.jump":2210,"stat.useItem.minecraft.sand":2,"stat.pickup.minecraft.fence":1,"stat.pickup.minecraft.coal":48,"stat.pickup.minecraft.iron_helmet":7,"stat.useItem.minecraft.stone_axe":31,"stat.useItem.notreepunching.axe/flint":35,"stat.drop.minecraft.diamond_sword":2,"stat.pickup.minecraft.gunpowder":14,"stat.entityKilledBy.CaveSpider":1,"stat.pickup.minecraft.spider_eye":25,"stat.craftItem.minecraft.torch":48,"stat.pickup.minecraft.dirt":71,"stat.pickup.minecraft.iron_ore":18,"stat.pickup.iceandfire.fire_dragon_heart":2,"stat.mineBlock.minecraft.iron_bars":12,"reaper.kill":2,"stat.mineBlock.minecraft.lapis_ore":1,"stat.pickup.minecraft.iron_axe":1,"tombstone:sneak_grave":1,"stat.mineBlock.minecraft.stone_stairs":2,"stat.pickup.minecraft.leather":28,"stat.damageTaken":12118,"stat.pickup.notreepunching.rock/stone":544,"stat.mineBlock.minecraft.torch":4,"stat.dispenserInspected":3,"stat.tradedWithVillager":1,"stat.drop.minecraft.water_bucket":1,"stat.killEntity.CaveSpider":7,"stat.pickup.minecraft.bed":2,"tombstone:undead_killed":81,"stat.useItem.tombstone.grave_key":5,"stat.pickup.minecraft.potato":6,"stat.entityKilledBy.Zombie":4,"chupacabra.learn":1,"stat.damageDealt":33947,"cephignis.learn":1,"stat.pickup.lycanitesmobs.arisaurmeatraw":5,"stat.killEntity.Silverfish":5,"stat.killEntity.Cow":9,"stat.drop.notreepunching.axe/flint":1,"stat.craftItem.minecraft.iron_sword":2,"stat.walkOneCm":538997,"stat.playerKills":6,"stat.useItem.minecraft.chest":1,"stat.craftItem.rpginventory.lapis_necklace":2,"stat.pickup.minecraft.stick":54,"stat.craftItem.rpginventory.diamond_ring":1,"stat.pickup.bountifulbaubles.potionrecall":1,"stat.useItem.scalinghealth.heartcontainer":4,"stat.pickup.notreepunching.grass_fiber":28,"stat.pickup.minecraft.stone":19,"stat.pickup.scalinghealth.heartcontainer":4,"stat.useItem.minecraft.netherrack":1,"stat.pickup.minecraft.gold_ingot":23,"stat.killEntity.Skeleton":34,"stat.pickup.lycanitesmobs.vapulacrystal":1,"stat.mineBlock.minecraft.tnt":2,"stat.mineBlock.minecraft.stonebrick":18,"stat.killEntity.Spider":27,"stat.drop.notreepunching.pickaxe/flint":1,"stat.pickup.minecraft.bread":3,"stat.mineBlock.minecraft.quartz_ore":35,"gorgomite.learn":2,"stat.mobKills":189,"stat.pickup.minecraft.quartz":65,"stat.useItem.minecraft.golden_apple":1,"stat.pickup.minecraft.golden_shovel":1,"stat.pickup.minecraft.diamond":9,"cinder.kill":4,"stat.mineBlock.minecraft.leaves":7,"stat.pickup.minecraft.torch":23,"stat.entityKilledBy.Silverfish":3,"stat.mineBlock.minecraft.redstone_ore":1,"stat.drop.minecraft.stone_axe":1,"stat.killEntity.firedragon":1,"stat.mineBlock.minecraft.stone":204}