{"stats":{"minecraft:used":{"minecraft:iron_pickaxe":38,"minecraft:torch":22,"minecraft:cobblestone":10,"minecraft:crafting_table":1},"minecraft:killed_by":{"minecraft:cave_spider":1},"minecraft:custom":{"minecraft:time_since_rest":13175,"minecraft:sprint_one_cm":33583,"minecraft:damage_taken":310,"minecraft:walk_one_cm":54067,"minecraft:drop":14,"minecraft:damage_dealt":179,"minecraft:interact_with_crafting_table":1,"minecraft:fly_one_cm":38485,"minecraft:crouch_one_cm":3410,"minecraft:play_time":17583,"minecraft:deaths":1,"minecraft:sneak_time":1606,"minecraft:walk_under_water_one_cm":60,"minecraft:jump":245,"minecraft:leave_game":2,"minecraft:walk_on_water_one_cm":865,"minecraft:time_since_death":13150,"minecraft:total_world_time":17583,"minecraft:fall_one_cm":6821},"minecraft:dropped":{"supplementaries:rope":11,"minecraft:orange_terracotta":6,"minecraft:beetroot_seeds":4,"minecraft:brown_terracotta":3,"minecraft:chest_minecart":2,"minecraft:red_sand":8,"minecraft:activator_rail":2,"minecraft:red_terracotta":1,"minecraft:rail":11,"minecraft:terracotta":8},"minecraft:crafted":{"minecraft:crafting_table":1,"minecraft:iron_pickaxe":1},"minecraft:picked_up":{"minecraft:stick":37,"minecraft:raw_iron":14,"minecraft:chest_minecart":2,"minecraft:brown_terracotta":3,"minecraft:torch":33,"artifacts:superstitious_hat":1,"minecraft:red_terracotta":1,"minecraft:dark_oak_planks":11,"minecraft:orange_terracotta":6,"minecraft:beetroot_seeds":4,"minecraft:activator_rail":2,"minecraft:red_sand":10,"minecraft:iron_ingot":2,"minecraft:golden_apple":1,"minecraft:terracotta":8,"minecraft:coal":57,"minecraft:rail":11,"minecraft:cobblestone":16},"minecraft:mined":{"minecraft:dark_oak_planks":12,"minecraft:red_terracotta":1,"minecraft:orange_terracotta":6,"minecraft:red_sand":9,"minecraft:coal_ore":1,"minecraft:rail":1,"minecraft:dead_bush":30,"minecraft:brown_terracotta":3,"minecraft:terracotta":9,"minecraft:stone":16}},"DataVersion":3465}