{"stat.chestOpened":1,"stat.walkOneCm":86664,"stat.pickup.minecraft.stick":18,"stat.horseOneCm":12432,"stat.drop.minecraft.wooden_pickaxe":1,"stat.pickup.minecraft.crafting_table":1,"stat.pickup.minecraft.stonebrick":14,"stat.pickup.minecraft.stone_pickaxe":5,"stat.craftItem.minecraft.crafting_table":1,"stat.pickup.minecraft.stone_axe":5,"stat.mineBlock.minecraft.enchanting_table":1,"stat.craftItem.minecraft.wool":6,"stat.pickup.minecraft.log":7,"stat.pickup.minecraft.string":34,"stat.mineBlock.minecraft.stained_glass_pane":10,"stat.mineBlock.minecraft.stained_glass":2,"stat.swimOneCm":5163,"stat.jump":354,"stat.fallOneCm":4901,"stat.climbOneCm":7107,"stat.pickup.minecraft.furnace":3,"stat.mineBlock.minecraft.web":5,"stat.killEntity.survivor":1,"stat.useItem.minecraft.stone_axe":22,"stat.pickup.minecraft.porkchop":9,"stat.pickup.minecraft.gunpowder":12,"stat.crouchOneCm":6806,"stat.pickup.minecraft.rail":1,"stat.pickup.minecraft.spider_eye":3,"stat.useItem.minecraft.stained_hardened_clay":7,"stat.pickup.minecraft.sapling":4,"stat.pickup.minecraft.dirt":12,"stat.useItem.minecraft.dirt":8,"stat.mineBlock.minecraft.stained_hardened_clay":19,"stat.sprintOneCm":51879,"stat.useItem.minecraft.stone_slab2":10,"stat.drop.minecraft.bed":1,"stat.craftItem.minecraft.stick":12,"stat.craftingTableInteraction":5,"stat.pickup.minecraft.gold_ingot":2,"stat.pickup.minecraft.stone_shovel":3,"stat.entityKilledBy.Spider":1,"stat.craftItem.minecraft.planks":32,"stat.pickup.minecraft.enchanting_table":1,"stat.damageTaken":730,"stat.mineBlock.minecraft.crafting_table":1,"stat.killEntity.Spider":5,"stat.pickup.minecraft.cobblestone_wall":3,"stat.pickup.minecraft.stone_sword":5,"stat.pickup.minecraft.bread":3,"stat.mineBlock.minecraft.torch":1,"stat.craftItem.minecraft.stone_pickaxe":1,"stat.useItem.minecraft.wooden_pickaxe":11,"stat.useItem.minecraft.furnace":1,"stat.entityKilledBy.survivor":1,"stat.pickup.minecraft.cobblestone":12,"stat.mobKills":15,"stat.mineBlock.minecraft.log":7,"stat.pickup.minecraft.planks":6,"stat.craftItem.minecraft.stone_sword":1,"stat.flyOneCm":50504,"stat.pickup.minecraft.bed":4,"stat.deaths":3,"stat.mineBlock.minecraft.planks":3,"stat.drop":5,"stat.pickup.minecraft.wheat_seeds":1,"stat.mineBlock.minecraft.leaves":4,"stat.pickup.minecraft.iron_horse_armor":1,"stat.playOneMinute":23178,"stat.pickup.minecraft.fish":1,"stat.drop.minecraft.wheat_seeds":1,"stat.pickup.minecraft.torch":1,"stat.useItem.minecraft.stone_pickaxe":31,"stat.mineBlock.minecraft.glass":2,"stat.sneakTime":2119,"stat.useItem.minecraft.stone_sword":36,"stat.mineBlock.minecraft.cobblestone_wall":3,"stat.damageDealt":2320,"stat.killEntity.Zombie":1,"stat.timeSinceDeath":3547,"stat.pickup.toughasnails.canteen":1,"stat.mineBlock.minecraft.dirt":3,"stat.pickup.minecraft.stained_hardened_clay":27,"stat.mineBlock.minecraft.stone":11,"stat.killEntity.Pig":5,"stat.mineBlock.minecraft.tallgrass":1,"stat.diveOneCm":14543,"stat.drop.minecraft.stick":18}