{"stats":{"minecraft:dropped":{"minecraft:wheat_seeds":1,"minecraft:wooden_axe":1,"minecraft:rotten_flesh":8,"minecraft:wooden_pickaxe":1},"minecraft:custom":{"minecraft:time_since_rest":801,"lootr:looted_stat":1,"minecraft:sprint_one_cm":22503,"minecraft:damage_taken":910,"minecraft:walk_one_cm":12148,"minecraft:mob_kills":19,"minecraft:drop":5,"minecraft:damage_dealt":3713,"minecraft:swim_one_cm":3611,"minecraft:interact_with_crafting_table":2,"minecraft:fly_one_cm":41653,"minecraft:crouch_one_cm":4896,"minecraft:play_time":14135,"minecraft:deaths":2,"minecraft:sneak_time":3581,"minecraft:walk_under_water_one_cm":224,"minecraft:jump":142,"minecraft:damage_dealt_resisted":208,"minecraft:leave_game":1,"minecraft:walk_on_water_one_cm":831,"minecraft:time_since_death":750,"minecraft:climb_one_cm":841,"minecraft:total_world_time":14135,"minecraft:fall_one_cm":5123},"minecraft:killed":{"kevin_trophy:crawler_zombie":1,"minecraft:zombie":4,"rottencreatures:skeleton_lackey":1,"minecraft:drowned":5,"rottencreatures:zombie_lackey":3},"minecraft:killed_by":{"minecraft:drowned":1,"mutantmonsters:mutant_skeleton":1},"minecraft:used":{"minecraft:wooden_axe":4,"minecraft:stone_sword":82,"minecraft:bread":2,"minecraft:wooden_pickaxe":16,"minecraft:torch":3,"minecraft:dirt":3,"minecraft:crafting_table":1},"minecraft:crafted":{"minecraft:crafting_table":1,"minecraft:stick":8,"minecraft:stone_pickaxe":1,"minecraft:stone_sword":1,"minecraft:stone_axe":1,"minecraft:jungle_planks":8},"minecraft:picked_up":{"minecraft:copper_ingot":1,"minecraft:torch":4,"minecraft:quartz":1,"minecraft:dirt":4,"minecraft:stone_sword":1,"minecraft:bone":6,"minecraft:rotten_flesh":9,"minecraft:wheat_seeds":1,"hunting_delight:broken_bone":82,"minecraft:cobblestone":11},"minecraft:mined":{"minecraft:blue_stained_glass":2,"minecraft:torch":4,"minecraft:grass_block":4,"minecraft:stone":12}},"DataVersion":3120}