{"stats":{"minecraft:custom":{"minecraft:jump":39,"minecraft:time_since_rest":4222,"minecraft:damage_dealt":149,"minecraft:crouch_one_cm":524,"minecraft:leave_game":1,"minecraft:sprint_one_cm":6901,"minecraft:play_time":4222,"minecraft:damage_taken":210,"minecraft:time_since_death":4222,"minecraft:walk_one_cm":4692,"minecraft:sneak_time":152,"minecraft:total_world_time":4222,"minecraft:fall_one_cm":1378,"minecraft:fly_one_cm":8346},"minecraft:picked_up":{"minecraft:stick":4,"minecraft:red_sand":2},"minecraft:mined":{"minecraft:red_sand":3,"minecraft:dead_bush":4}},"DataVersion":3465}