{"stats":{"minecraft:killed_by":{"minecraft:cave_spider":1},"minecraft:custom":{"minecraft:jump":118,"minecraft:time_since_rest":4416,"minecraft:deaths":1,"minecraft:damage_dealt":179,"minecraft:crouch_one_cm":674,"minecraft:leave_game":1,"minecraft:play_time":8824,"minecraft:sprint_one_cm":23573,"minecraft:damage_taken":300,"minecraft:time_since_death":4391,"minecraft:walk_one_cm":7386,"minecraft:sneak_time":185,"minecraft:total_world_time":8824,"minecraft:fall_one_cm":4365,"minecraft:fly_one_cm":30281},"minecraft:picked_up":{"minecraft:stick":37,"minecraft:red_sand":4},"minecraft:mined":{"minecraft:red_sand":3,"minecraft:dead_bush":29}},"DataVersion":3465}