{"stat.walkOneCm":8298,"stat.craftItem.minecraft.planks":28,"stat.leaveGame":1,"stat.pickup.minecraft.crafting_table":1,"stat.mineBlock.minecraft.crafting_table":1,"stat.pickup.minecraft.stonebrick":1,"stat.craftItem.minecraft.crafting_table":1,"stat.mineBlock.minecraft.torch":1,"stat.mobKills":1,"stat.flyOneCm":17022,"stat.jump":79,"stat.mineBlock.minecraft.leaves":1,"stat.swimOneCm":16,"stat.playOneMinute":5001,"stat.fallOneCm":2839,"stat.pickup.minecraft.torch":1,"stat.useItem.minecraft.stone_pickaxe":10,"stat.sneakTime":320,"stat.damageDealt":119,"stat.crouchOneCm":1839,"stat.killEntity.Zombie":1,"stat.timeSinceDeath":5001,"stat.useItem.minecraft.wooden_axe":4,"stat.pickup.minecraft.dirt":2,"stat.mineBlock.minecraft.stained_hardened_clay":7,"stat.mineBlock.minecraft.dirt":2,"stat.sprintOneCm":11068,"stat.useItem.minecraft.stone_slab2":3,"stat.pickup.minecraft.stained_hardened_clay":7,"stat.craftItem.minecraft.stick":8,"stat.craftItem.minecraft.wooden_axe":1,"stat.craftingTableInteraction":2}