{"stat.craftItem.minecraft.stone_shovel":2,"stat.walkOneCm":94614,"stat.craftItem.minecraft.bed":2,"stat.useItem.minecraft.bread":3,"stat.pickup.minecraft.bone":14,"stat.killEntity.betteranimalsplus.goose":1,"stat.playerKills":1,"stat.pickup.minecraft.stick":11,"stat.horseOneCm":127141,"stat.pickup.minecraft.arrow":2,"stat.pickup.minecraft.crafting_table":2,"stat.entityKilledBy.betteranimalsplus.shark":1,"stat.pickup.minecraft.stonebrick":45,"stat.pickup.minecraft.stone_pickaxe":3,"stat.mineBlock.minecraft.anvil":3,"stat.useItem.minecraft.cobblestone":12,"stat.pickup.minecraft.stone_axe":2,"stat.mineBlock.minecraft.enchanting_table":3,"stat.useItem.minecraft.apple":7,"stat.useItem.minecraft.porkchop":2,"stat.pickup.minecraft.log":2,"stat.pickup.minecraft.string":20,"stat.mineBlock.minecraft.stained_glass_pane":6,"stat.mineBlock.minecraft.stained_glass":4,"stat.jump":260,"stat.swimOneCm":5054,"stat.mineBlock.minecraft.ladder":2,"stat.fallOneCm":4833,"stat.climbOneCm":3564,"stat.useItem.minecraft.planks":7,"stat.mineBlock.minecraft.web":4,"stat.pickup.minecraft.furnace":2,"stat.drop.minecraft.stained_hardened_clay":5,"stat.useItem.minecraft.stone_axe":15,"stat.pickup.minecraft.porkchop":27,"stat.crouchOneCm":3807,"stat.pickup.minecraft.spider_eye":2,"stat.useItem.minecraft.stained_hardened_clay":1,"stat.pickup.minecraft.sapling":10,"stat.pickup.minecraft.dirt":32,"stat.mineBlock.minecraft.stained_hardened_clay":7,"stat.sprintOneCm":26652,"stat.useItem.minecraft.stone_slab2":13,"stat.pickup.minecraft.apple":10,"stat.pickup.minecraft.ladder":2,"stat.craftItem.minecraft.stick":12,"stat.craftingTableInteraction":4,"stat.pickup.minecraft.gold_ingot":2,"stat.pickup.minecraft.rotten_flesh":4,"stat.killEntity.Skeleton":1,"stat.pickup.minecraft.stone_shovel":1,"stat.mineBlock.minecraft.iron_bars":1,"stat.mineBlock.minecraft.stonebrick":5,"stat.craftItem.minecraft.planks":20,"stat.pickup.minecraft.enchanting_table":3,"stat.craftItem.minecraft.stone_axe":2,"stat.pickup.minecraft.anvil":3,"stat.damageTaken":790,"stat.killEntity.Spider":1,"stat.pickup.minecraft.stone_sword":3,"stat.craftItem.minecraft.stone_pickaxe":1,"stat.mineBlock.minecraft.furnace":2,"stat.mobKills":12,"stat.pickup.minecraft.cobblestone":40,"stat.pickup.minecraft.book":21,"stat.useItem.minecraft.stonebrick":29,"stat.mineBlock.minecraft.log":2,"stat.mineBlock.minecraft.bookshelf":7,"stat.pickup.minecraft.planks":59,"stat.craftItem.minecraft.stone_sword":2,"stat.flyOneCm":29364,"stat.pickup.minecraft.bed":5,"stat.deaths":1,"stat.pickup.minecraft.diamond":2,"stat.drop":5,"stat.mineBlock.minecraft.leaves":3,"stat.pickup.minecraft.iron_horse_armor":1,"stat.playOneMinute":23149,"stat.pickup.minecraft.torch":1,"stat.useItem.minecraft.stone_pickaxe":66,"stat.mineBlock.minecraft.glass":4,"stat.useItem.minecraft.stone_sword":27,"stat.sneakTime":913,"stat.pickup.minecraft.wool":6,"stat.damageDealt":1563,"stat.killEntity.Zombie":3,"stat.timeSinceDeath":13047,"stat.pickup.minecraft.iron_bars":1,"stat.pickup.toughasnails.canteen":3,"stat.mineBlock.minecraft.dirt":1,"stat.useItem.minecraft.crafting_table":1,"stat.pickup.minecraft.stained_hardened_clay":10,"stat.mineBlock.minecraft.stone":27,"stat.killEntity.Pig":5,"stat.diveOneCm":14591}