{"stats":{"minecraft:broken":{"minecraft:wooden_axe":1},"minecraft:mined":{"minecraft:birch_log":52,"minecraft:spruce_log":14,"byg:short_grass":1,"minecraft:torch":1,"minecraft:grass":5,"minecraft:dirt":14,"byg:peat":2},"minecraft:dropped":{"byg:peat":2,"minecraft:wheat_seeds":2},"minecraft:used":{"minecraft:wooden_axe":10,"crumbs:birch_crafting_table":1,"minecraft:torch":1,"minecraft:dirt":1,"minecraft:birch_log":45,"minecraft:spruce_log":14},"minecraft:crafted":{"crumbs:birch_crafting_table":1,"minecraft:stick":60,"minecraft:stone_pickaxe":1,"minecraft:wooden_axe":1,"minecraft:birch_planks":28},"minecraft:custom":{"minecraft:time_since_rest":1214,"minecraft:sprint_one_cm":13734,"minecraft:damage_taken":441,"minecraft:walk_one_cm":7344,"minecraft:drop":2,"minecraft:swim_one_cm":383,"minecraft:interact_with_crafting_table":5,"minecraft:fly_one_cm":9733,"minecraft:crouch_one_cm":872,"minecraft:play_one_minute":7846,"minecraft:deaths":1,"minecraft:sneak_time":319,"minecraft:walk_under_water_one_cm":668,"minecraft:jump":51,"minecraft:time_since_death":1192,"minecraft:walk_on_water_one_cm":684,"minecraft:fall_one_cm":2306},"minecraft:killed_by":{"minecraft:player":1},"minecraft:picked_up":{"minecraft:birch_log":103,"minecraft:stick":26,"byg:holly_sapling":1,"minecraft:torch":1,"minecraft:birch_planks":24,"byg:peat":2,"minecraft:spruce_sapling":11,"minecraft:spruce_log":14,"buzzier_bees:honey_bread":3,"alexsmobs:animal_dictionary":2,"minecraft:dirt":14,"byg:yellow_birch_sapling":36,"minecraft:wheat_seeds":2,"minecraft:bread":3,"minecraft:birch_sapling":6,"minecraft:cobblestone":3}},"DataVersion":2586}