{"stat.pickup.minecraft.wooden_slab":6,"stat.leaveGame":5,"epion.learn":1,"stat.killEntity.trumpetskeleton.TrumpetSkeleton":1,"stat.pickup.tombstone.familiar_stone":2,"stat.mineBlock.minecraft.sandstone":7,"stat.drop.minecraft.enchanted_book":1,"stat.useItem.minecraft.planks":217,"stat.mineBlock.minecraft.web":22,"stat.pickup.minecraft.golden_boots":1,"stat.pickup.minecraft.glowstone_dust":12,"stat.pickup.minecraft.porkchop":3,"stat.pickup.minecraft.blaze_powder":2,"kobold.learn":1,"stat.drop.minecraft.iron_sword":3,"stat.killEntity.toroquest_toro":1,"stat.pickup.minecraft.rotten_flesh":28,"stat.pickup.minecraft.sand":14,"stat.pickup.notreepunching.rock/sandstone":20,"stat.entityKilledBy.Spider":8,"stat.pickup.minecraft.brick_block":6,"stat.craftItem.minecraft.stone_axe":2,"stat.mineBlock.minecraft.wooden_slab":8,"stat.pickup.minecraft.leather_boots":1,"stat.craftItem.minecraft.stone_sword":1,"stat.pickup.dynamictrees.spruceseed":2,"stat.pickup.minecraft.chainmail_chestplate":1,"stat.entityKilledBy.firedragon":3,"stat.mineBlock.minecraft.sand":16,"stat.useItem.minecraft.iron_pickaxe":214,"stat.mineBlock.minecraft.brick_block":6,"stat.trappedChestTriggered":2,"stat.mineBlock.minecraft.vine":2,"stat.furnaceInteraction":6,"stat.pickup.minecraft.wooden_button":1,"stat.pickup.minecraft.nether_brick":33,"stat.entityKilledBy.WitherSkeleton":5,"stat.pickup.iceandfire.manuscript":3,"stat.pickup.minecraft.beef":37,"stat.mineBlock.minecraft.wooden_button":3,"joust.learn":1,"aegis.kill":2,"stat.drop.lycanitesmobs.vapulacrystal":1,"stat.pickup.minecraft.leather_helmet":1,"stat.pickup.minecraft.iron_chestplate":2,"stat.pickup.tombstone.magic_scroll":2,"stat.pickup.tombstone.gift":1,"stat.pickup.minecraft.stone_stairs":4,"stat.pickup.minecraft.potion":1,"stat.mineBlock.minecraft.fence":33,"stat.useItem.minecraft.wheat_seeds":22,"aegis.learn":1,"stat.killEntity.Husk":1,"stat.mineBlock.minecraft.brick_stairs":2,"stat.pickup.minecraft.pumpkin_seeds":4,"stat.pickup.minecraft.emerald":1,"stat.pickup.dynamictrees.oakseed":5,"stat.mineBlock.minecraft.soul_sand":4,"ghoul.kill":1,"stat.useItem.minecraft.beef":2,"stat.deaths":105,"stat.playOneMinute":198836,"stat.mineBlock.minecraft.stone_pressure_plate":1,"stat.useItem.minecraft.nether_brick":8,"stat.pickup.minecraft.iron_bars":15,"stat.drop.minecraft.glass_bottle":3,"stat.pickup.minecraft.dispenser":1,"stat.pickup.lycanitesmobs.joustmeatraw":13,"stat.pickup.minecraft.netherrack":5,"stat.mineBlock.minecraft.tallgrass":32,"stat.pickup.bountifulbaubles.potionwormhole":1,"stat.chestOpened":134,"stat.pickup.minecraft.pumpkin":4,"stat.useItem.minecraft.stone":2,"stat.mineBlock.minecraft.netherrack":5,"stat.pickup.minecraft.arrow":25,"stat.pickup.minecraft.iron_sword":6,"stat.pickup.minecraft.wooden_pressure_plate":2,"afrit.learn":1,"stat.pickup.minecraft.gold_nugget":3,"stat.craftItem.minecraft.coal":27,"stat.pickup.minecraft.brick_stairs":2,"stat.fallOneCm":55970,"stat.pickup.minecraft.carrot":75,"stat.pickup.minecraft.melon_seeds":1,"stat.crouchOneCm":7856,"stat.mineBlock.minecraft.chest":5,"stat.pickup.minecraft.golden_leggings":2,"stat.pickup.minecraft.melon":52,"stat.craftingTableInteraction":12,"stat.mineBlock.minecraft.wooden_pressure_plate":2,"stat.mineBlock.minecraft.log2":1,"stat.pickup.minecraft.dye":23,"stat.pickup.minecraft.planks":633,"stat.pickup.minecraft.iron_leggings":3,"stat.mineBlock.minecraft.spruce_fence":4,"stat.pickup.minecraft.wheat_seeds":65,"tremor.kill":1,"stat.mineBlock.minecraft.gravel":5,"stat.useItem.minecraft.stone_pickaxe":349,"stat.pickup.waystones.waystone":2,"maka.learn":1,"stat.useItem.minecraft.stone_sword":385,"reaper.learn":1,"stat.mineBlock.minecraft.dirt":11,"stat.mineBlock.defiledlands.sand_defiled":2,"stat.useItem.minecraft.torch":18,"joustalpha.kill":4,"stat.drop.minecraft.rotten_flesh":10,"stat.pickup.minecraft.crafting_table":2,"stat.useItem.minecraft.log":7,"stat.useItem.minecraft.cobblestone":45,"stat.pickup.lycanitesmobs.embercharge":1,"cryptkeeper.learn":1,"stat.useItem.minecraft.gravel":2,"stat.pickup.minecraft.iron_hoe":1,"stat.pickup.minecraft.log":215,"salamander.learn":1,"spriggan.learn":1,"stat.pickup.lycanitesmobs.crystalshard":1,"stat.pickup.usefulbackpacks.backpack":1,"stat.pickup.minecraft.tipped_arrow":11,"stat.drop.minecraft.gold_nugget":1,"stat.pickup.minecraft.sapling":2,"stat.mineBlock.defiledlands.gravel_defiled":1,"stat.pickup.minecraft.wooden_door":3,"stat.pickup.minecraft.apple":1,"stat.pickup.minecraft.coal_block":11,"joustalpha.learn":2,"stat.useItem.minecraft.iron_sword":442,"stat.killEntity.WitherSkeleton":2,"stat.pickup.minecraft.stone_sword":2,"stat.drop.notreepunching.rock/stone":1,"stat.pickup.minecraft.book":96,"stat.mineBlock.minecraft.log":9,"stat.pickup.minecraft.red_flower":1,"stat.sneakTime":3047,"stat.pickup.minecraft.wool":18,"stat.drop.tombstone.familiar_stone":1,"stat.entityKilledBy.Blaze":1,"stat.useItem.minecraft.baked_potato":1,"stat.mineBlock.minecraft.jukebox":1,"stat.craftItem.minecraft.cobblestone":14,"stat.pickup.minecraft.trapped_chest":4,"stat.pickup.minecraft.chest":5,"stat.drop.scalinghealth.heartcontainer":1,"stat.pickup.dynamictrees.acaciaseed":3,"stat.pickup.minecraft.bone":45,"stat.pickup.minecraft.stone_pressure_plate":1,"stat.pickup.minecraft.redstone_torch":1,"stat.mineBlock.minecraft.cobblestone":9,"stat.mineBlock.minecraft.pumpkin":4,"stat.pickup.minecraft.stone_pickaxe":1,"stat.drop.minecraft.leather_helmet":1,"stat.pickup.minecraft.leather_chestplate":1,"nymph.learn":1,"tremor.learn":1,"stat.swimOneCm":37461,"stat.climbOneCm":9469,"stat.pickup.minecraft.enchanted_book":1,"stat.mineBlock.minecraft.spruce_stairs":2,"stat.useItem.minecraft.stone_slab2":30,"stat.pickup.minecraft.bow":1,"stat.pickup.minecraft.iron_boots":2,"vapula.kill":3,"stat.craftItem.minecraft.furnace":1,"stat.useItem.minecraft.iron_ore":1,"stat.craftItem.minecraft.stone_pickaxe":3,"stat.pickup.minecraft.cobblestone":77,"cryptkeeper.kill":1,"stat.useItem.minecraft.stone_shovel":6,"stat.flyOneCm":302572,"stat.pickup.minecraft.soul_sand":2,"stat.pickup.minecraft.glass_bottle":2,"stat.pickup.rpginventory.diamond_ring":1,"stat.pickup.minecraft.cactus":15,"stat.pickup.minecraft.redstone":5,"stat.mineBlock.minecraft.iron_ore":25,"stat.timeSinceDeath":5101,"stat.pickup.minecraft.mutton":8,"stat.pickup.minecraft.mossy_cobblestone":1,"stat.useItem.minecraft.potato":11,"stat.mineBlock.minecraft.coal_block":15,"stat.pickup.minecraft.chainmail_helmet":5,"geonach.learn":1,"stat.pickup.minecraft.stonebrick":4,"stat.pickup.minecraft.spruce_fence":4,"stat.drop.minecraft.dirt":3,"stat.pickup.minecraft.iron_shovel":3,"stat.pickup.minecraft.trapdoor":1,"cinder.learn":1,"stat.mineBlock.minecraft.coal_ore":28,"stat.mineBlock.minecraft.nether_brick":27,"stat.pickup.minecraft.shield":3,"stat.talkedToVillager":8,"stat.pickup.minecraft.string":69,"stat.pickup.tombstone.crafting_ingredient":11,"stat.entityKilledBy.Skeleton":30,"vapula.learn":2,"stat.mineBlock.defiledlands.conjuring_altar":1,"stat.sprintOneCm":198401,"stat.mineBlock.minecraft.stone_slab":2,"stat.pickup.minecraft.bone_block":64,"stat.useItem.tombstone.magic_scroll":2,"stat.mineBlock.minecraft.diamond_ore":2,"stat.pickup.rpginventory.emerald_glove":1,"stat.mineBlock.minecraft.crafting_table":1,"stat.useItem.minecraft.carrot":1,"stat.pickup.minecraft.diamond_chestplate":3,"stat.entityKilledBy.Creeper":1,"stat.mineBlock.minecraft.planks":8,"stat.drop":29,"stat.pickup.minecraft.jukebox":1,"ghoul.learn":2,"stat.killEntity.Sheep":4,"joust.kill":4,"stat.pickup.minecraft.golden_chestplate":1,"stat.killEntity.Zombie":42,"stat.diveOneCm":22320,"stat.pickup.minecraft.wheat":17,"stat.mineBlock.minecraft.mossy_cobblestone":1,"gorgomite.kill":2,"stat.pickup.minecraft.sign":4,"cephignis.kill":1,"stat.pickup.minecraft.gravel":3,"stat.useItem.minecraft.glass_bottle":8,"stat.pickup.minecraft.stone_axe":1,"stat.drop.minecraft.chainmail_helmet":1,"stat.pickup.minecraft.obsidian":2,"stat.useItem.minecraft.potion":11,"stat.pickup.minecraft.diamond_sword":2,"stat.jump":2270,"stat.useItem.minecraft.sand":2,"stat.pickup.minecraft.fence":30,"stat.pickup.minecraft.iron_helmet":2,"stat.pickup.minecraft.coal":36,"stat.pickup.minecraft.iron_ingot":1,"stat.useItem.minecraft.stone_axe":251,"stat.useItem.minecraft.piston":1,"stat.entityKilledBy.CaveSpider":1,"stat.pickup.minecraft.spider_eye":8,"stat.craftItem.minecraft.torch":32,"stat.pickup.minecraft.dirt":81,"stat.pickup.minecraft.iron_ore":35,"stat.pickup.defiledlands.sand_defiled":2,"stat.mineBlock.minecraft.iron_bars":12,"reaper.kill":2,"stat.mineBlock.minecraft.lapis_ore":4,"tombstone:sneak_grave":1,"stat.mineBlock.minecraft.glass_pane":7,"stat.mineBlock.minecraft.stone_stairs":2,"stat.damageTaken":20920,"stat.drop.minecraft.iron_hoe":1,"stat.pickup.minecraft.leather":17,"stat.pickup.notreepunching.rock/stone":63,"stat.mineBlock.minecraft.torch":4,"stat.mineBlock.minecraft.melon_block":10,"stat.pickup.minecraft.log2":20,"stat.killEntity.CaveSpider":10,"tombstone:undead_killed":69,"stat.pickup.minecraft.potato":55,"stat.entityKilledBy.Zombie":14,"volcan.learn":1,"stat.damageDealt":30455,"cephignis.learn":2,"stat.mineBlock.minecraft.nether_brick_stairs":2,"stat.killEntity.Silverfish":8,"stat.killEntity.Cow":19,"stat.killEntity.Pig":3,"stat.pickup.minecraft.piston":8,"stat.craftItem.minecraft.stone_shovel":1,"stat.mineBlock.defiledlands.stone_defiled":2,"geonach.kill":1,"stat.walkOneCm":1024593,"stat.playerKills":2,"stat.useItem.minecraft.chest":2,"stat.pickup.minecraft.stick":47,"yale.learn":1,"spriggan.kill":1,"stat.drop.lycanitesmobs.cinderblade":1,"stat.pickup.bountifulbaubles.potionrecall":1,"stat.useItem.scalinghealth.heartcontainer":2,"stat.pickup.defiledlands.gravel_defiled":1,"stat.useItem.tombstone.gift":2,"stat.pickup.minecraft.stone":9,"stat.pickup.minecraft.baked_potato":1,"stat.mineBlock.minecraft.wool":18,"stat.pickup.scalinghealth.heartcontainer":4,"stat.killEntity.Skeleton":19,"stat.pickup.lycanitesmobs.vapulacrystal":3,"stat.mineBlock.minecraft.cactus":6,"stat.mineBlock.minecraft.stonebrick":1,"stat.pickup.defiledlands.stone_defiled":3,"stat.killEntity.Spider":40,"stat.mineBlock.minecraft.quartz_ore":188,"stat.mineBlock.waystones.waystone":2,"stat.mineBlock.minecraft.glowstone":7,"gorgomite.learn":2,"stat.mobKills":167,"stat.mineBlock.minecraft.bookshelf":32,"stat.pickup.minecraft.quartz":175,"stat.entityKilledBy.Husk":1,"stat.pickup.minecraft.water_bucket":3,"stat.pickup.minecraft.diamond":2,"cinder.kill":1,"stat.mineBlock.minecraft.leaves":1,"stat.mineBlock.minecraft.piston":8,"stat.pickup.minecraft.torch":13,"stat.entityKilledBy.Silverfish":2,"stat.pickup.minecraft.spruce_stairs":2,"stat.mineBlock.minecraft.bone_block":64,"stat.pickup.toroquest.toro_leather":1,"stat.mineBlock.minecraft.stone":22}