{"stats":{"minecraft:mined":{"minecraft:grass":2,"minecraft:birch_log":24,"minecraft:spruce_log":15,"byg:short_grass":1},"minecraft:dropped":{"minecraft:bread":3,"minecraft:birch_planks":24,"byg:yellow_birch_sapling":20,"alexsmobs:animal_dictionary":2,"minecraft:birch_log":63,"byg:holly_sapling":1,"minecraft:birch_sapling":4,"minecraft:spruce_sapling":6,"buzzier_bees:honey_bread":3},"minecraft:used":{"minecraft:wooden_axe":12,"minecraft:birch_log":20,"minecraft:spruce_log":15,"minecraft:spruce_sapling":1},"minecraft:crafted":{"minecraft:birch_planks":12,"minecraft:wooden_axe":1},"minecraft:custom":{"minecraft:time_since_rest":6023,"minecraft:play_one_minute":6023,"minecraft:crouch_one_cm":248,"minecraft:sprint_one_cm":14429,"minecraft:damage_taken":10,"minecraft:walk_one_cm":9785,"minecraft:sneak_time":60,"minecraft:walk_under_water_one_cm":881,"minecraft:drop":10,"minecraft:jump":80,"minecraft:damage_dealt":256,"minecraft:leave_game":2,"minecraft:walk_on_water_one_cm":256,"minecraft:time_since_death":6023,"minecraft:swim_one_cm":360,"minecraft:interact_with_crafting_table":10,"minecraft:fall_one_cm":836,"minecraft:fly_one_cm":15886,"minecraft:player_kills":1},"minecraft:picked_up":{"minecraft:birch_log":36,"minecraft:stick":9,"byg:yellow_birch_sapling":4,"minecraft:spruce_sapling":2,"minecraft:spruce_log":14,"minecraft:birch_sapling":4}},"DataVersion":2586}