{
  "dungeons_arise:wda_root": {
    "criteria": {
      "WDA": "2024-09-16 01:25:54 +0000"
    },
    "done": true
  },
  "dead_guys_untitled_deep_dark_:deep_dark": {
    "criteria": {
      "deep_dark": "2024-09-16 01:25:54 +0000"
    },
    "done": true
  },
  "farmersdelight:main/root": {
    "criteria": {
      "seeds": "2024-09-16 01:25:54 +0000"
    },
    "done": true
  },
  "betterdungeons:root": {
    "criteria": {
      "always": "2024-09-16 01:25:54 +0000"
    },
    "done": true
  },
  "mowziesmobs:root": {
    "criteria": {
      "custom_test_name": "2024-09-16 01:25:54 +0000"
    },
    "done": true
  },
  "bygonenether:explore_structures": {
    "criteria": {
      "in_bastion_remnant": "2024-09-16 01:25:54 +0000"
    },
    "done": false
  },
  "architects_palette:main/root": {
    "criteria": {
      "craftingtable": "2024-09-16 01:25:54 +0000"
    },
    "done": true
  },
  "cataclysm:root": {
    "criteria": {
      "custom_test_name": "2024-09-16 01:25:54 +0000"
    },
    "done": true
  },
  "takesapillage:root": {
    "criteria": {
      "always": "2024-09-16 01:25:54 +0000"
    },
    "done": true
  },
  "morevillagers:root": {
    "criteria": {
      "always": "2024-09-16 01:25:54 +0000"
    },
    "done": true
  },
  "repurposed_structures:root": {
    "criteria": {
      "always": "2024-09-16 01:25:54 +0000"
    },
    "done": true
  },
  "minecraft:adventure/adventuring_time": {
    "criteria": {
      "minecraft:river": "2024-09-16 01:25:54 +0000"
    },
    "done": false
  },
  "DataVersion": 2586
}