{
  "farmersdelight:main/root": {
    "criteria": {
      "seeds": "2024-07-15 09:58:11 -0500"
    },
    "done": true
  },
  "lootr:root": {
    "criteria": {
      "always_true": "2024-07-15 09:58:15 -0500"
    },
    "done": true
  },
  "ags_day_counter:day_counter_root_advancement": {
    "criteria": {
      "day_counter_root_advancement": "2024-07-15 09:58:15 -0500"
    },
    "done": true
  },
  "minecraft:adventure/adventuring_time": {
    "criteria": {
      "minecraft:stony_shore": "2024-07-15 09:58:19 -0500"
    },
    "done": false
  },
  "DataVersion": 3120
}